{"sections":{"collection-banner":{"type":"collection-banner","disabled":true,"settings":{"show_collection_image":false,"show_collection_title":true,"show_collection_description":false,"section_height":"small","text_width":"medium","image_text_color":"#ffffff","image_overlay_color":"#000000","image_overlay_opacity":30,"quick_links":""}},"slideshow_Rb3JHc":{"type":"slideshow","blocks":{"image_43NcNc":{"type":"image","settings":{"image":"shopify:\/\/shop_images\/103_banner638638956732955067_upscayl_2x_realesrgan-x4plus.png","text_position":"middle_center","subheading":"","title":"","button_1_text":"","button_1_link":"","button_2_text":"","button_2_link":"","text_color":"#ffffff","button_background":"#ffffff","button_text_color":"#000000","overlay_color":"#000000","overlay_opacity":0}}},"block_order":["image_43NcNc"],"settings":{"section_height":"auto","transition_type":"sweep","autoplay":true,"cycle_speed":5,"background":"rgba(0,0,0,0)"}},"ec774f3b-2e15-4924-b4de-d9d1612027f9":{"type":"rich-text","disabled":true,"settings":{"subheading":"","title":"","content":"<p>A sua loja é a melhor do segmento<\/p>","button_text":"","button_link":"","background_type":"full_width","text_width":"medium","text_position":"center","text_alignment":"center","background":"rgba(0,0,0,0)","text_color":"rgba(0,0,0,0)","button_background":"rgba(0,0,0,0)","button_text_color":"rgba(0,0,0,0)"}},"main":{"type":"main-collection","settings":{"show_sort_by":true,"products_per_page":10,"mobile_products_per_row":"2","desktop_products_per_row":5,"show_filters":true,"show_filter_group_name":false,"show_color_swatch":true,"open_first_filter_group":false,"filter_position":"always_visible","promotion_position":"top","promotion_height":"small"}}},"order":["collection-banner","slideshow_Rb3JHc","ec774f3b-2e15-4924-b4de-d9d1612027f9","main"]}