{"sections":{"slideshow":{"type":"slideshow","blocks":{"slide-2":{"type":"image","settings":{"image":"shopify:\/\/shop_images\/422_banner638638958611799201_upscayl_2x_realesrgan-x4plus.png","text_position":"middle_center","subheading":"","title":"","button_1_text":"","button_1_link":"shopify:\/\/collections\/aneis","button_2_text":"","button_2_link":"","text_color":"#ffffff","button_background":"#ffffff","button_text_color":"#000000","overlay_color":"#000000","overlay_opacity":0}},"slide-1":{"type":"image","settings":{"image":"shopify:\/\/shop_images\/114_banner638640855011391983_upscayl_2x_realesrgan-x4plus.png","text_position":"middle_center","subheading":"","title":"","button_1_text":"","button_1_link":"shopify:\/\/collections\/bolsas","button_2_text":"","button_2_link":"","text_color":"#ffffff","button_background":"#ffffff","button_text_color":"#000000","overlay_color":"#000000","overlay_opacity":0}},"image_gLrDCX":{"type":"image","settings":{"image":"shopify:\/\/shop_images\/103_banner638638956732955067_upscayl_2x_realesrgan-x4plus.png","text_position":"middle_center","subheading":"","title":"","button_1_text":"","button_1_link":"","button_2_text":"","button_2_link":"","text_color":"#ffffff","button_background":"#ffffff","button_text_color":"#000000","overlay_color":"#000000","overlay_opacity":0}}},"block_order":["slide-2","slide-1","image_gLrDCX"],"settings":{"section_height":"auto","transition_type":"fade","autoplay":true,"cycle_speed":5,"background":"rgba(0,0,0,0)"}},"926c7098-4397-4da1-9c97-16935ea7ebc3":{"type":"collection-list","blocks":{"template--19753647243582__926c7098-4397-4da1-9c97-16935ea7ebc3-16888648282602289e-2":{"type":"collection","settings":{"collection":"bolsas","image":"shopify:\/\/shop_images\/395_banner638638990139166274_upscayl_16x_realesrgan-x4plus.png","subheading":"","title":"","link_text":"","link_url":"","text_color":"rgba(0,0,0,0)","overlay_color":"#000000","overlay_opacity":30}},"785a5904-24e5-4d75-b5c9-d4b720239a24":{"type":"collection","settings":{"collection":"acessorios","image":"shopify:\/\/shop_images\/397_banner638638990472859546_upscayl_16x_realesrgan-x4plus.png","subheading":"","title":"","link_text":"","link_url":"","text_color":"rgba(0,0,0,0)","overlay_color":"#000000","overlay_opacity":30}},"05899ef9-a1bd-4b84-a4ff-8ee3b63d1a8e":{"type":"collection","settings":{"collection":"mala-de-viagem","image":"shopify:\/\/shop_images\/396_banner638638990944880071_upscayl_16x_realesrgan-x4plus.png","subheading":"","title":"","link_text":"","link_url":"","text_color":"rgba(0,0,0,0)","overlay_color":"#000000","overlay_opacity":30}},"e98bb161-e555-43e9-8c94-f0e3c3e74e3f":{"type":"collection","settings":{"collection":"kit","image":"shopify:\/\/shop_images\/399_banner638639005456582760_upscayl_16x_realesrgan-x4plus.png","subheading":"","title":"","link_text":"","link_url":"","text_color":"rgba(0,0,0,0)","overlay_color":"#000000","overlay_opacity":30}},"bdb6e569-80f3-414f-9ecb-a87814726ab3":{"type":"collection","settings":{"collection":"acessorios","image":"shopify:\/\/shop_images\/212_banner638639023676167691_upscayl_16x_realesrgan-x4plus.png","subheading":"","title":"","link_text":"","link_url":"","text_color":"rgba(0,0,0,0)","overlay_color":"#000000","overlay_opacity":30}}},"block_order":["template--19753647243582__926c7098-4397-4da1-9c97-16935ea7ebc3-16888648282602289e-2","785a5904-24e5-4d75-b5c9-d4b720239a24","05899ef9-a1bd-4b84-a4ff-8ee3b63d1a8e","e98bb161-e555-43e9-8c94-f0e3c3e74e3f","bdb6e569-80f3-414f-9ecb-a87814726ab3"],"custom_css":[],"settings":{"show_collection_title":false,"arredondarimage":false,"arredondacolecao":67,"reveal_on_scroll":true,"layout":"carousel","subheading":"","title":"","background":"rgba(0,0,0,0)","text_color":"rgba(0,0,0,0)"}},"text-with-icons":{"type":"text-with-icons","blocks":{"item-1":{"type":"item","settings":{"icon":"picto-fast-delivery","custom_icon_width":50,"title":"Frete Grátis","content":"<p>Entrega gratuita para todo Brasil.<\/p>"}},"item-4":{"type":"item","settings":{"icon":"picto-customer-support","custom_icon_width":50,"title":"Suporte ao Cliente","content":"<p>Eficiência e confiabilidade garantidas.<\/p>"}},"item-2":{"type":"item","settings":{"icon":"picto-gift","custom_icon_width":50,"title":"PRIMEIRA COMPRA","content":"<p>Utiliza o cupom \"Primeira15\"<\/p>"}},"item-3":{"type":"item","settings":{"icon":"picto-warranty","custom_icon_width":60,"title":"Compra Segura","content":"<p>Ambiente 100% seguro<\/p>"}}},"block_order":["item-1","item-4","item-2","item-3"],"settings":{"background":"#f9f9f9","text_color":"#3a3a3a"}},"black_vision_WjEm38":{"type":"black-vision","blocks":{"collection_yCyqwX":{"type":"collection","settings":{"collection":"kit","label":"","button_text":"","button_url":""}}},"block_order":["collection_yCyqwX"],"settings":{"cronometro_termino":"2024-10-25","cronometro_frase":"ESSAS OFERTAS ACABAM EM:","cronometro_frase_fonte":18,"cronometro_frase_fonte_mobile":16,"cronometro_frase_mid":0,"cronometro_frase_mim":0,"cronometro_frase_cor":"#000000","cronometro_background":"#612f84","cronometro_fonte":"#ffffff","cronometro_textos":"#ffffff","title":"KIT MALAS","titulo_frase_fonte":22,"titulo_frase_fontem":18,"content":"","products_count":10,"products_per_row":4,"stack_products":true,"show_cta":true,"background":"rgba(0,0,0,0)","text_color":"rgba(0,0,0,0)","button_background":"rgba(0,0,0,0)","button_text_color":"rgba(0,0,0,0)"}},"featured_collections_HYRjqG":{"type":"featured-collections","blocks":{"collection_HkVEf4":{"type":"collection","settings":{"collection":"mala-de-viagem","label":"","button_text":"","button_url":""}}},"block_order":["collection_HkVEf4"],"settings":{"title":"Encontre sua mala de viagem","content":"","products_count":30,"products_per_row":4,"stack_products":false,"show_cta":true,"background":"rgba(0,0,0,0)","text_color":"rgba(0,0,0,0)","button_background":"rgba(0,0,0,0)","button_text_color":"rgba(0,0,0,0)"}},"featured_collections_rTwGNM":{"type":"featured-collections","blocks":{"collection_GnwnCU":{"type":"collection","settings":{"collection":"bolsas","label":"","button_text":"","button_url":""}}},"block_order":["collection_GnwnCU"],"settings":{"title":"Bolsas","content":"","products_count":8,"products_per_row":4,"stack_products":false,"show_cta":true,"background":"rgba(0,0,0,0)","text_color":"rgba(0,0,0,0)","button_background":"rgba(0,0,0,0)","button_text_color":"rgba(0,0,0,0)"}},"image_with_text_VwizLf":{"type":"image-with-text","blocks":{"item_CKBzgM":{"type":"item","settings":{"image":"shopify:\/\/shop_images\/225_banner638379783055310846_upscayl_5x_realesrgan-x4plus.png","tab_label":"Item","title":"Uma história construída","content":"<h1>desde 1978<\/h1><p>Fundada em 1978, a marca é líder em seu segmento e entrega solução completa em artigos para viagem, bolsas e acessórios, por meio da melhor seleção de produtos e marcas, atendendo aos desejos e necessidades do cliente em lifestyle, design, funcionalidade e momentos de uso. Atualmente, possui cerca de 200 pontos de venda espalhados pelo Brasil, sendo a maior rede de lojas de artigos de viagem e acessórios da América Latina.<\/p>","button_text":"","button_link":""}}},"block_order":["item_CKBzgM"],"settings":{"reveal_on_scroll":true,"fonteimgt":16,"fonteimgtm":16,"background_type":"full_width","background_overlap":"image","image_position":"left","text_alignment":"center","cycle_speed":8,"accent_background":"rgba(0,0,0,0)","text_color":"rgba(0,0,0,0)","button_background":"rgba(0,0,0,0)","button_text_color":"rgba(0,0,0,0)"}}},"order":["slideshow","926c7098-4397-4da1-9c97-16935ea7ebc3","text-with-icons","black_vision_WjEm38","featured_collections_HYRjqG","featured_collections_rTwGNM","image_with_text_VwizLf"]}